{
	"edited_yn": "Y",
	"upd_msg": "These settings are from 2025-07-03 04:09pm",
	"trade_yn": "Y",
	"trade_live_yn": "Y",
	"paper_trades_only_yn": "N",
	"speak_pairs": ["BTC-USDC","ETH-USDC","SOL_USDC","JTO-USDC"],
	"stable_coins": [
		"DAI",
		"GUSD",
		"PAX",
		"PYUSD",
		"USD",
		"USDC",
		"USDT"
		],
	"speak_yn": "N",
	"show_timings_yn": "N",
	"show_upcoming_yn": "Y",
	"loop_secs": 15,
	"budget": {
		"max_tot_loss": -250.0,
		"spend_max_amt": 14000.0,
		"spend_up_max_pct": 50.0,
		"spend_dn_max_pct": 50.0,
		"spend_max_pcts": {
			"***": {
				"spend_up_max_pct": 50.0,
				"spend_dn_max_pct": 50.0
			},
			"BTC-USDC": {
				"spend_up_max_pct": 40.0,
				"spend_dn_max_pct": 60.0
			},
			"ETH-USDC": {
				"spend_up_max_pct": 40.0,
				"spend_dn_max_pct": 60.0
			},
			"SOL-USDC": {
				"spend_up_max_pct": 40.0,
				"spend_dn_max_pct": 60.0
			}
		},
		"spend_pair_max": {
			"***": 100,
			"AAVE-USDC":   300,
			"ADA-USDC":    300,
			"ARB-USDC":    300,
			"BASE-USDC":   300,
			"BNB-USDC":    600,
			"BTC-USDC":   6000,
			"CRO-USDC":    300,
			"ETH-USDC":   6000,
			"IP-USDC":     600,
			"JASMY-USDC":  300,
			"JTO-USDC":    300,
			"LINK-USDC":   300,
			"OP-USDC":     300,
			"PAXG-USDC":   600,
			"POL-USDC":    300,
			"RENDER-USDC": 300,
			"SOL-USDC":   6000,
			"SYRUP-USDC":  300,
			"XRP-USDC":    600
		},
		"mkt_shares": {
			"shares_or_pcts": "shares",
			"***":         1,
			"BTC-USDC":   70,
			"ETH-USDC":   60,
			"SOL-USDC":   50,
			"AAVE-USDC":   2,
			"ADA-USDC":    2,
			"ARB-USDC":    2,
			"ALGO-USDC":   2,
			"ATOM-USDC":   2,
			"AVAX-USDC":   2,
			"BASE-USDC":   2,
			"BNB-USDC":    2,
			"CAKE-USDC":   2,
			"CRO-USDC":    2,
			"CRV-USDC":    2,
			"DOT-USDC":    2,
			"FIL-USDC":    2,
			"GRT-USDC":    2,
			"HBAR-USDC":   2,
			"ICP-USDC":    2,
			"IMX-USDC":    2,
			"IP-USDC":     2,
			"JASMY-USDC":  2,
			"JTO-USDC":    2,
			"JUP-USDC":    2,
			"LDO-USDC":    2,
			"LINK-USDC":   2,
			"OP-USDC":     2,
			"ORCA-USDC":   2,
			"PAXG-USDC":   2,
			"POL-USDC":    2,
			"PYTH-USDC":   2,
			"RAY-USDC":    2,
			"RENDER-USDC": 2,
			"RUNE-USDC":   2,
			"SUI-USDC":    2,
			"SYRUP-USDC":  2,
			"TON-USDC":    2,
			"UNI-USDC":    2,
			"VET-USDC":    2,
			"XLM-USDC":    2,
			"XRP-USDC":    2
		},
		"reserve_amt": 250.0,
		"reserve_addtl_daily_amt": 0,
		"select_pair_reserve_amt": 8000.0,
		"select_pair_pairs": ["BTC-USDC", "ETH-USDC", "SOL-USDC"]
		},
	"pairs": {
		"trade_pairs": [
			"AAVE-USDC",
			"ADA-USDC",
			"ARB-USDC",
			"ALGO-USDC",
			"ATOM-USDC",
			"AVAX-USDC",
			"BASE-USDC",
			"BNB-USDC",
			"BTC-USDC",
			"CAKE-USDC",
			"CRO-USDC",
			"CRV-USDC",
			"DOT-USDC",
			"ETH-USDC",
			"FIL-USDC",
			"GRT-USDC",
			"HBAR-USDC",
			"ICP-USDC",
			"IMX-USDC",
			"IP-USDC",
			"JASMY-USDC",
			"JTO-USDC",
			"JUP-USDC",
			"LDO-USDC",
			"LINK-USDC",
			"OP-USDC",
			"ORCA-USDC",
			"PAXG-USDC",
			"POL-USDC",
			"PYTH-USDC",
			"RAY-USDC",
			"RENDER-USDC",
			"RUNE-USDC",
			"SOL-USDC",
			"SUI-USDC",
			"SYRUP-USDC",
			"TON-USDC",
			"UNI-USDC",
			"VET-USDC",
			"XLM-USDC",
			"XRP-USDC"
		],
		"trade_pairs_bk1": [
			"AAVE-USDC",
			"ADA-USDC",
			"ALGO-USDC",
			"ATOM-USDC",
			"AVAX-USDC",
			"BASE-USDC",
			"BNB-USDC",
			"BONK-USDC",
			"BTC-USDC",
			"CAKE-USDC",
			"CORE-USDC",
			"CRO-USDC",
			"CRV-USDC",
			"DEXE-USDC",
			"DOT-USDC",
			"ETH-USDC",
			"FIL-USDC",
			"FET-USDC",
			"FLR-USDC",
			"FLOKI-USDC",
			"GRT-USDC",
			"HBAR-USDC",
			"ICP-USDC",
			"IMX-USDC",
			"IP-USDC",
			"JASMY-USDC",
			"JTO-USDC",
			"KCS-USDC",
			"LDO-USDC",
			"LEO-USDC",
			"JUP-USDC",
			"LINK-USDC",
			"MNT-USDC",
			"NEAR-USDC",
			"OP-USDC",
			"PAXG-USDC",
			"PEPE-USDC",
			"PI-USDC",
			"POL-USDC",
			"PYTH-USDC",
			"RAY-USDC",
			"RENDER-USDC",
			"RUNE-USDC",
			"SOL-USDC",
			"SUI-USDC",
			"TON-USDC",
			"UNI-USDC",
			"VET-USDC",
			"WIF-USDC",
			"XLM-USDC",
			"XRP-USDC"
			],
		"trade_pairs_bk2": [],
		"trade_pairs_bk3": [],
		"trade_pairs_bk4": [],
		"stable_pairs": ["DAI-USDC", "GUSD-USDC", "PAX-USDC", "PYUSD-USDC", "USDT-USDC"],
		"ban_pairs": ["AWE-USDC","TRUMP-USDC","LSETH-USDC","MSOL-USDC","KMNO-USDC"],
		"err_pairs": ["CORECHAIN-USDC", "DAI-USDC", "MATIC-USDC", "MKR-USDC","ONDO-USDC"],
		"extra_pairs": {
			"watched": {
				"use_yn": "N"
			},
			"top_bot_perf": {
				"use_yn": "Y",
				"cnt": 4,
				"pct_min": 0.05
			},
			"top_bot_gains": {
				"use_yn": "Y",
				"cnt": 4,
				"gain_min": 20
			},
			"prc_pct_chg_24h": {
				"use_yn": "Y",
				"cnt": 4,
				"pct_min": 5
			},
			"vol_quote_24h": {
				"use_yn": "Y",
				"min_volume": 5000000
			},
			"vol_pct_chg_24h": {
				"use_yn": "N",
				"cnt": 4
			}
		}
		},
	"buy_test_txns": {
		"test_txns_on_yn": "Y",
		"test_txns_min": {
			"***": 2,
			"BTC-USDC": 1,
			"ETH-USDC": 1,
			"SOL-USDC": 1
			},
		"test_txns_max": {
			"***": 5,
			"BTC-USDC": 3,
			"ETH-USDC": 3,
			"SOL-USDC": 3
			},
		"profitability_threshold_pct_day": {
			"***": 0.025,
			"BTC-USDC": 0.00,
			"ETH-USDC": 0.00,
			"SOL-USDC": 0.00
			}
		},
	"buy": {
		"buying_on_yn": "Y",
		"show_tests_yn": "Y",
		"show_boosts_yn": "N",
		"show_tests_min": 50,
		"save_files_yn": "N",
		"buy_limit_yn": "N",
		"mkts_open_max": 1000,
		"trade_strat_perf_recent_cnt": 50,
		"special_prod_ids": ["BTC-USDC","ETH-USDC","SOL-USDC"],
		"buy_delay_minutes": {
			"***": 5,
			"BTC-USDC": 3,
			"ETH-USDC": 3,
			"SOL-USDC": 3
			},
		"buy_strat_delay_minutes": {
			"***": 30,
			"15min": 5,
			"30min": 10,
			"1h": 20,
			"4h": 40,
			"1d": 240
			},
		"open_poss_cnt_max": {
			"***": 15,
			"BTC-USDC": 100,
			"ETH-USDC": 100,
			"SOL-USDC": 100
			},
		"open_test_poss_cnt_max": {
			"***": 30,
			"BTC-USDC": 200,
			"ETH-USDC": 200,
			"SOL-USDC": 200
			},
		"strat_open_cnt_max": {
			"***": 2,
			"BTC-USDC": 5,
			"ETH-USDC": 5,
			"SOL-USDC": 5
			},
		"strat_open_test_cnt_max": {
			"***": 2,
			"BTC-USDC": 5,
			"ETH-USDC": 5,
			"SOL-USDC": 5
			},
		"trade_size": {
			"***": 5,
			"BTC-USDC": 25,
			"ETH-USDC": 25,
			"SOL-USDC": 25
			},
		"trade_size_min_mult": {
			"***": 2,
			"BTC-USDC": 10,
			"ETH-USDC": 10,
			"SOL-USDC": 10
			},
		"trade_size_max": {
			"***": 25,
			"BTC-USDC": 400,
			"ETH-USDC": 400,
			"SOL-USDC": 400
			},
		"trade_size_boost_thresholds_pct_day": [0.10, 0.25, 0.5, 1.0, 3.0, 5.0, 8.0, 13.0, 21.0, 34.0, 55.0, 89.0]
		},
	"sell": {
		"selling_on_yn": "Y",
		"show_blocks_yn": "N",
		"show_forces_yn": "N",
		"show_tests_yn": "N",
		"save_files_yn": "N",
		"sell_limit_yn": "N",
		"take_profit": {
			"hard_take_profit_yn": "N",
			"hard_take_profit_pct": 33,
			"hard_take_profit_strats_skip": ["nwe_3row","nwe_env","nwe_rev","bb_bo"],
			"trailing_profit_yn": "Y",
			"trailing_profit_trigger_pct": {
				"***": 6,
				"BTC-USDC": 4,
				"ETH-USDC": 5,
				"SOL-USDC": 5
			},
			"trailing_profit_strats_skip": [],
			"trailing_profit_levels": {"89":4.50,"55":4.00,"34":3.50,"21":3.00,"13":2.50,"8":2.00,"5":1.00,"3":0.60,"2":0.40,"1":0.20}
		},
		"stop_loss": {
			"hard_stop_loss_yn": "Y",
			"hard_stop_loss_pct": 7,
			"hard_stop_loss_strats_skip": [],
			"trailing_stop_loss_yn": "Y",
			"trailing_stop_loss_pct": 8,
			"trailing_stop_loss_strats_skip": [],
			"nwe_exit_yn": "N",
			"nwe_exit_strats_skip": ["bb","drop","bb_bo","sha","imp_macd","nwe_3row","nwe_env","nwe_rev"],
			"atr_stop_loss_yn": "N",
			"atr_stop_loss_rfreq": "1d",
			"atr_stol_loss_strats_skip": ["nwe_3row","nwe_env","nwe_rev"],
			"trailing_atr_stop_loss_yn": "N",
			"trailing_atr_stop_loss_pct": 70,
			"trailing_atr_stop_loss_rfreq": "1d",
			"trailing_atr_stop_loss_strats_skip": ["nwe_3row","nwe_env","nwe_rev"]
		},
		"force_sell": {
			"all_yn": "N",
			"live_all_yn": "N",
			"prod_ids": ["TRUMP-USDC"],
			"pos_ids": []
		},
		"never_sell": {
			"all_yn": "N",
			"prod_ids": [],
			"pos_ids": []
		},
		"never_sell_loss": {
			"all_yn": "Y",
			"live_all_yn": "Y",
			"live_max_loss_usd_acceptable": -2,
			"live_prod_ids": ["BTC-USDC","ETH-USDC","SOL-USDC"],
			"prod_ids": [],
			"prod_ids_bk": ["A8-USDC","AAVE-USDC","ADA-USDC","ALGO-USDC","ATOM-USDC","AVAX-USDC","BTC-USDC","DEXT-USDC","DOGE-USDC","DOT-USDC","ETH-USDC","FTM-USDC","GRT-USDC","HBAR-USDC","IP-USDC","LINK-USDC","POL-USDC","PNUT-USDC","RENDER-USDC","RNDR-USDC","SOL-USDC","SUI-USDC","TON-USDC","UNI-USDC"],
			"pos_ids": []
		},
		"profit_saver": {
			"ha_green": {
				"use_yn": "Y",
				"prod_ids": [],
				"skip_prod_ids": [],
				"sell_strats": [],
				"skip_sell_strats": ["trail_profit"]
			},
			"nwe_green": {
				"use_yn":"Y",
				"prod_ids":[],
				"skip_prod_ids":[],
				"sell_strats":[],
				"skip_sell_strats":["trail_profit"]
				}
		},
		"rainy_day": {
			"pocket_pct": {"***":0,"BTC-USDC":50,"ETH-USDC":50,"SOL-USDC":50},
			"clip_pct": {"***":0,"BTC-USDC":20,"ETH-USDC":20,"SOL-USDC":20}
		}
		},
	"strats": {
		"bb": {
			"use_yn": "Y",
			"freqs": ["1d","4h","1h","30min","15min"],
			"src": "close",
			"inner_per": 34,
			"inner_sd": 2.2,
			"outer_per": 34,
			"outer_sd": 2.50,
			"buy": {
				"prod_ids": [],
				"skip_prod_ids": [],
				"tests_min": {"***":10,"15min":8,"30min":6,"1h":4,"4h":3,"1d":2},
				"boost_tests_min": {"15min":11, "30min":9, "1h":7, "4h":5, "1d":3},
				"max_open_poss_cnt_live": {"***":1,"BTC-USDC":6,"ETH-USDC":6,"SOL-USDC":6},
				"max_open_poss_cnt_test": {"***":3,"BTC-USDC":12,"ETH-USDC":12,"SOL-USDC":12},
				"show_tests_yn": "Y"
				},
			"sell":{
				"exit_if_profit_yn": "N",
				"exit_if_profit_pct_min": 1,
				"exit_if_loss_yn": "N",
				"exit_if_loss_pct_max": 4,
				"show_tests_yn": "N"
				}
			},
		"bb_bo": {
			"use_yn": "Y",
			"freqs": ["1d","4h","1h","30min","15min"],
			"src": "close",
			"per": 21,
			"sd": 2.1,
			"buy": {
				"prod_ids": [],
				"skip_prod_ids": [],
				"tests_min": {"***":10,"15min":8,"30min":6,"1h":4,"4h":3,"1d":2},
				"boost_tests_min": {"15min":11, "30min":9, "1h":7, "4h":5, "1d":3},
				"max_open_poss_cnt_live": {"***":1,"BTC-USDC":6,"ETH-USDC":6,"SOL-USDC":6},
				"max_open_poss_cnt_test": {"***":3,"BTC-USDC":12,"ETH-USDC":12,"SOL-USDC":12},
				"show_tests_yn": "Y"
				},
			"sell":{
				"exit_if_profit_yn": "Y",
				"exit_if_profit_pct_min": 3,
				"exit_if_loss_yn": "N",
				"exit_if_loss_pct_max": 4,
				"show_tests_yn": "N"
				}
			},
		"drop": {
			"use_yn": "Y",
			"freqs": ["1d","4h","1h","30min","15min"],
			"src": "close",
			"drop_pct": {
				"***": 10,
				"BTC-USDC": 6,
				"ETH-USDC": 6,
				"SOL-USDC": 6
				},
			"buy": {
				"prod_ids": [],
				"skip_prod_ids": [],
				"tests_min": {"***":10,"15min":8,"30min":6,"1h":4,"4h":3,"1d":2},
				"boost_tests_min": {"15min":11, "30min":9, "1h":7, "4h":5, "1d":3},
				"max_open_poss_cnt_live": {"***":2,"BTC-USDC":5,"ETH-USDC":5,"SOL-USDC":5},
				"max_open_poss_cnt_test": {"***":3,"BTC-USDC":12,"ETH-USDC":12,"SOL-USDC":12},
				"show_tests_yn": "Y"
				},
			"sell":{
				"exit_if_profit_yn": "N",
				"exit_if_profit_pct_min": 1,
				"exit_if_loss_yn": "N",
				"exit_if_loss_pct_max": 4,
				"show_tests_yn": "N"
				}
			},
		"ht" :{
			"use_yn": "Y",
			"freqs": ["15min", "30min", "1h", "4h", "1d"],
			"hull_period": 20,
			"atr_multiplier": 1.5,
			"momentum_window": 14,
			"fractal_length": 3,
			"buy": {
				"prod_ids": [],
				"skip_prod_ids": [],
				"tests_min": {"***":10,"15min":8,"30min":6,"1h":4,"4h":3,"1d":2},
				"boost_tests_min": {"15min":11, "30min":9, "1h":7, "4h":5, "1d":3},
				"max_open_poss_cnt_live": {"***":1,"BTC-USDC":6,"ETH-USDC":6,"SOL-USDC":6},
				"max_open_poss_cnt_test": {"***":3,"BTC-USDC":12,"ETH-USDC":12,"SOL-USDC":12},
				"show_tests_yn": "Y"
				},
			"sell":{
				"exit_if_profit_yn": "Y",
				"exit_if_profit_pct_min": 3,
				"exit_if_loss_yn": "N",
				"exit_if_loss_pct_max": 4,
				"show_tests_yn": "N"
				}
			},
		"imp_macd": {
			"use_yn": "Y",
			"freqs": ["1d","4h","1h","30min","15min"],
			"src": "close",
			"per_ma": 34,
			"per_sign": 9,
			"filter_strength": true,
			"filter_period": 25,
			"threshold": 0.5,
			"buy": {
				"prod_ids": [],
				"skip_prod_ids": [],
				"tests_min": {"***":10,"15min":8,"30min":6,"1h":4,"4h":3,"1d":2},
				"boost_tests_min": {"15min":11, "30min":9, "1h":7, "4h":5, "1d":3},
				"max_open_poss_cnt_live": {"***":1,"BTC-USDC":6,"ETH-USDC":6,"SOL-USDC":6},
				"max_open_poss_cnt_test": {"***":3,"BTC-USDC":12,"ETH-USDC":12,"SOL-USDC":12},
				"show_tests_yn": "Y"
				},
			"sell":{
				"exit_if_profit_yn": "Y",
				"exit_if_profit_pct_min": 3,
				"exit_if_loss_yn": "Y",
				"exit_if_loss_pct_max": 4,
				"show_tests_yn": "N"
				}
			},
		"msb": {
			"use_yn": "Y",
			"freqs": ["15min", "30min", "1h", "4h", "1d"],
			"liquidity_window": 20,
			"volatility_threshold": 0.03,
			"volume_confirmation": 1.5,
			"buy": {
				"prod_ids": [],
				"skip_prod_ids": [],
				"tests_min": {"***":10,"15min":8,"30min":6,"1h":4,"4h":3,"1d":2},
				"boost_tests_min": {"15min":11, "30min":9, "1h":7, "4h":5, "1d":3},
				"max_open_poss_cnt_live": {"***":1,"BTC-USDC":6,"ETH-USDC":6,"SOL-USDC":6},
				"max_open_poss_cnt_test": {"***":3,"BTC-USDC":12,"ETH-USDC":12,"SOL-USDC":12},
				"show_tests_yn": "Y"
				},
			"sell":{
				"exit_if_profit_yn": "Y",
				"exit_if_profit_pct_min": 3,
				"exit_if_loss_yn": "N",
				"exit_if_loss_pct_max": 4,
				"show_tests_yn": "N"
				}
			},
		"nwe_3row": {
			"use_yn": "Y",
			"freqs": ["1d","4h","1h","30min","15min"],
			"src": "close",
			"bandwidth": 8,
			"mult": 3,
			"buy": {
				"prod_ids": [],
				"skip_prod_ids": [],
				"tests_min": {"***":10,"15min":8,"30min":6,"1h":4,"4h":3,"1d":2},
				"boost_tests_min": {"15min":11, "30min":9, "1h":7, "4h":5, "1d":3},
				"max_open_poss_cnt_live": {"***":1,"BTC-USDC":6,"ETH-USDC":6,"SOL-USDC":6},
				"max_open_poss_cnt_test": {"***":3,"BTC-USDC":12,"ETH-USDC":12,"SOL-USDC":12},
				"show_tests_yn": "Y"
				},
			"sell":{
				"exit_if_profit_yn": "Y",
				"exit_if_profit_pct_min": 3,
				"exit_if_loss_yn": "Y",
				"exit_if_loss_pct_max": 4,
				"show_tests_yn": "N"
				}
			},
		"nwe_env": {
			"use_yn": "Y",
			"freqs": ["1d","4h","1h","30min","15min"],
			"src": "close",
			"bandwidth": 8,
			"mult": 3,
			"buy": {
				"prod_ids": [],
				"skip_prod_ids": [],
				"tests_min": {"***":10,"15min":8,"30min":6,"1h":4,"4h":3,"1d":2},
				"boost_tests_min": {"15min":11, "30min":9, "1h":7, "4h":5, "1d":3},
				"max_open_poss_cnt_live": {"***":1,"BTC-USDC":6,"ETH-USDC":6,"SOL-USDC":6},
				"max_open_poss_cnt_test": {"***":3,"BTC-USDC":12,"ETH-USDC":12,"SOL-USDC":12},
				"show_tests_yn": "Y"
				},
			"sell":{
				"exit_if_profit_yn": "Y",
				"exit_if_profit_pct_min": 3,
				"exit_if_loss_yn": "Y",
				"exit_if_loss_pct_max": 4,
				"show_tests_yn": "N"
				}
			},
		"nwe_rev": {
			"use_yn": "Y",
			"freqs": ["1d","4h","1h","30min","15min"],
			"src": "close",
			"bandwidth": 8,
			"mult": 3,
			"buy": {
				"prod_ids": [],
				"skip_prod_ids": [],
				"tests_min": {"***":10,"15min":8,"30min":6,"1h":4,"4h":3,"1d":2},
				"boost_tests_min": {"15min":11, "30min":9, "1h":7, "4h":5, "1d":3},
				"max_open_poss_cnt_live": {"***":1,"BTC-USDC":6,"ETH-USDC":6,"SOL-USDC":6},
				"max_open_poss_cnt_test": {"***":3,"BTC-USDC":12,"ETH-USDC":12,"SOL-USDC":12},
				"show_tests_yn": "Y"
				},
			"sell":{
				"exit_if_profit_yn": "Y",
				"exit_if_profit_pct_min": 3,
				"exit_if_loss_yn": "Y",
				"exit_if_loss_pct_max": 4,
				"show_tests_yn": "N"
				}
			},
		"rsi_div_macd": {
			"use_yn": "Y",
			"freqs": ["15min", "30min", "1h", "4h", "1d"],
			"rsi_period": 14,
			"macd_fast": 12,
			"macd_slow": 26,
			"divergence_window": 5,
			"volume_multiplier": 1.5,
			"max_volatility_pct": 5.0,
			"buy": {
				"prod_ids": [],
				"skip_prod_ids": [],
				"tests_min": {"***":10,"15min":8,"30min":6,"1h":4,"4h":3,"1d":2},
				"boost_tests_min": {"15min":11, "30min":9, "1h":7, "4h":5, "1d":3},
				"volume_multiplier": 1.5,
				"max_volatility_pct": 5.0,
				"max_open_poss_cnt_live": {"***":1,"BTC-USDC":6,"ETH-USDC":6,"SOL-USDC":6},
				"max_open_poss_cnt_test": {"***":3,"BTC-USDC":12,"ETH-USDC":12,"SOL-USDC":12},
				"show_tests_yn": "Y"
				},
			"sell":{
				"exit_if_profit_yn": "Y",
				"exit_if_profit_pct_min": 3,
				"exit_if_loss_yn": "N",
				"exit_if_loss_pct_max": 4,
				"show_tests_yn": "N"
				}
			},
		"sha": {
			"use_yn": "Y",
			"freqs": ["1d","4h","1h","30min","15min"],
			"src": "close",
			"fast_sha_len1": 8,
			"fast_sha_len2": 8,
			"slow_sha_len1": 13,
			"slow_sha_len2": 13,
			"volatility_window": 20,
			"rsi_length": 14,
			"rsi_threshold": 55,
			"bull_strength_threshold": 0.6,
			"bear_strength_threshold": 0.6,
			"buy": {
				"prod_ids": [],
				"skip_prod_ids": [],
				"tests_min": {"***":10,"15min":8,"30min":6,"1h":4,"4h":3,"1d":2},
				"boost_tests_min": {"15min":11, "30min":9, "1h":7, "4h":5, "1d":3},
				"max_open_poss_cnt_live": {"***":1,"BTC-USDC":6,"ETH-USDC":6,"SOL-USDC":6},
				"max_open_poss_cnt_test": {"***":3,"BTC-USDC":12,"ETH-USDC":12,"SOL-USDC":12},
				"show_tests_yn": "Y"
			},
			"sell":{
				"exit_if_profit_yn": "Y",
				"exit_if_profit_pct_min": 3,
				"exit_if_loss_yn": "Y",
				"exit_if_loss_pct_max": 4,
				"show_tests_yn": "N"
				}
			},
		"st_atr": {
			"use_yn": "Y",
			"freqs": ["15min", "30min", "1h", "4h", "1d"],
			"atr_period": 14,
			"supertrend_mult": 3.0,
			"volatility_threshold": 0.02,
			"buy": {
				"prod_ids": [],
				"skip_prod_ids": [],
				"tests_min": {"***":10,"15min":8,"30min":6,"1h":4,"4h":3,"1d":2},
				"boost_tests_min": {"15min":11, "30min":9, "1h":7, "4h":5, "1d":3},
				"max_open_poss_cnt_live": {"***":1,"BTC-USDC":6,"ETH-USDC":6,"SOL-USDC":6},
				"max_open_poss_cnt_test": {"***":3,"BTC-USDC":12,"ETH-USDC":12,"SOL-USDC":12},
				"show_tests_yn": "Y"
				},
			"sell":{
				"exit_if_profit_yn": "Y",
				"exit_if_profit_pct_min": 3,
				"exit_if_loss_yn": "N",
				"exit_if_loss_pct_max": 4,
				"show_tests_yn": "N"
				}
			},
		"tpo": {
			"use_yn": "Y",
			"freqs": ["1d", "4h", "1h", "30min", "15min"],
			"sma_length": 25,
			"osc_length": 20,
			"shift": 4,
			"disp_lvl": "N",
			"buy": {
				"prod_ids": [],
				"skip_prod_ids": [],
				"tests_min": {"***":10,"15min":8,"30min":6,"1h":4,"4h":3,"1d":2},
				"boost_tests_min": {"15min":11, "30min":9, "1h":7, "4h":5, "1d":3},
				"max_open_poss_cnt_live": {"***":1,"BTC-USDC":6,"ETH-USDC":6,"SOL-USDC":6},
				"max_open_poss_cnt_test": {"***":3,"BTC-USDC":12,"ETH-USDC":12,"SOL-USDC":12},
				"show_tests_yn": "Y"
				},
			"sell": {
				"exit_if_profit_yn": "Y",
				"exit_if_profit_pct_min": 3,
				"exit_if_loss_yn": "N",
				"exit_if_loss_pct_max": 4,
				"show_tests_yn": "Y"
				}
			},
		"vidya": {
			"use_yn": "Y",
			"freqs": ["1d", "4h", "1h", "30min", "15min"],
			"source": "close",
			"vidya_length": 10,
			"vidya_momentum": 20,
			"band_distance": 2.0,
			"pivot_left_bars": 3,
			"pivot_right_bars": 3,
			"shadow": "Y",
			"up_trend_color": "green",
			"down_trend_color": "red",
			"buy": {
				"prod_ids": [],
				"skip_prod_ids": [],
				"tests_min": {"***":10,"15min":8,"30min":6,"1h":4,"4h":3,"1d":2},
				"boost_tests_min": {"15min":11, "30min":9, "1h":7, "4h":5, "1d":3},
				"max_open_poss_cnt_live": {"***":1,"BTC-USDC":6,"ETH-USDC":6,"SOL-USDC":6},
				"max_open_poss_cnt_test": {"***":3,"BTC-USDC":12,"ETH-USDC":12,"SOL-USDC":12},
				"show_tests_yn": "Y"
				},
			"sell":{
				"exit_if_profit_yn": "Y",
				"exit_if_profit_pct_min": 3,
				"exit_if_loss_yn": "N",
				"exit_if_loss_pct_max": 4,
				"show_tests_yn": "N"
				}
			},
		"vwmacd": {
			"use_yn": "Y",
			"freqs": ["15min", "30min", "1h", "4h", "1d"],
			"macd_fast": 12,
			"macd_slow": 26,
			"volume_ma_window": 20,
			"volume_threshold": 1.2,
			"buy": {
				"prod_ids": [],
				"skip_prod_ids": [],
				"tests_min": {"***":10,"15min":8,"30min":6,"1h":4,"4h":3,"1d":2},
				"boost_tests_min": {"15min":11, "30min":9, "1h":7, "4h":5, "1d":3},
				"max_open_poss_cnt_live": {"***":1,"BTC-USDC":6,"ETH-USDC":6,"SOL-USDC":6},
				"max_open_poss_cnt_test": {"***":3,"BTC-USDC":12,"ETH-USDC":12,"SOL-USDC":12},
				"show_tests_yn": "Y"
				},
			"sell":{
				"exit_if_profit_yn": "Y",
				"exit_if_profit_pct_min": 3,
				"exit_if_loss_yn": "N",
				"exit_if_loss_pct_max": 4,
				"show_tests_yn": "N"
				}
			},
		"vwtm": {
			"use_yn": "Y",
			"freqs": ["1h", "4h", "1d"],
			"ema_period": 20,
			"vortex_period": 14,
			"volume_ma_window": 50,
			"bull_power_threshold": 0.5,
			"volume_multiplier": 1.8,
			"buy": {
				"prod_ids": [],
				"skip_prod_ids": [],
				"tests_min": {"***":10,"15min":8,"30min":6,"1h":4,"4h":3,"1d":2},
				"boost_tests_min": {"15min":11, "30min":9, "1h":7, "4h":5, "1d":3},
				"max_open_poss_cnt_live": {"***":1,"BTC-USDC":6,"ETH-USDC":6,"SOL-USDC":6},
				"max_open_poss_cnt_test": {"***":3,"BTC-USDC":12,"ETH-USDC":12,"SOL-USDC":12},
				"show_tests_yn": "Y"
				},
			"sell":{
				"exit_if_profit_yn": "N",
				"exit_if_profit_pct_min": 1,
				"exit_if_loss_yn": "N",
				"exit_if_loss_pct_max": 4,
				"show_tests_yn": "N"
				}
			}
		}
	}
